C2Code,Br,Yr,Pfx,InvNo,InvDate,InvDay,InvMonth,InvYear,CustCode,CustC2id,OtherChg,InvFrght,shipcode,CrntPfx,CrntNo,CrntAmt,DbntPfx,DbntNo,DbntAmt,AdvPfx,AdvNo,AdvAmt,ReplPfx,ReplNo,ReplAmt,InvAmt,gstEnabled,fromGstNo,fromGstType,toGstNo,cgstTotal,sgstTotal,igstTotal,cessAmount,ItemCode,ItemC2id,ItemName,ItemName2,PackName,BatchNo,ExpDate,ExpDay,ExpMonth,ExpYear,InvQty,InvScQty,InvScDis,SchPer,InvDisc,SaleRate,VatPer,TSPer,LoclSale,CSTPer,CessPer,VatOnMrp,VatMrp,ItemMRP,TaxOnSch,DCNo,Repl,RefOrdNo,RefDate,MfgComp,MktgComp,ConvFact,CuItemId,CuItemCF,lostitem,Rack,MfCode,MrpIncl,CrDays,SmanCode,LRNo,LRDay,LRMonth,LRyear,itmTotal,hsnCode,cgstPer,cgstAmt,sgstPer,sgstAmt,igstPer,igstAmt,cessPer,cessAmt,MfacDate,BatchKey,Seller,Buyer,ItemPTR,TCSPer,TCSAmt,PONo,otherInfo
003004,000,25,I,i2500073002396079,22-Oct-2025,22,10,2025,DS7580,,0.00,0.00,,,0,0.00,,0,0.00,,0,0.00,,0,0.00,12277.00,1,29AAKCM2337H1ZA,0,29DPGPA5356K1ZL,292.29,292.29,0.00,0.00,I22035,A92825,VONCHAMP 20 MG TAB,,10S,VIM250407,01-Mar-2027,01,03,2027,1.000,0.000,0.00,0.00,3.00,107.140,5.000,0,1,0.00,0,0,0,140.630,0,0,0,i2500083001913692,22-Oct-2025,13651,INDCHEMIE HEALTH CARE,10,,,0,,13651,0,0,133,,22,10,2025,107.14,30049099,2.50,2.60,2.50,2.60,0.00,0.00,0.00,0.00,0000-00-00,2400349280,MAHAVEER MEDISALES PVT LTD,S.K MEDICALS,107.14,0.000,0.00,5284870,
003004,000,25,I,i2500073002396079,22-Oct-2025,22,10,2025,DS7580,,0.00,0.00,,,0,0.00,,0,0.00,,0,0.00,,0,0.00,12277.00,1,29AAKCM2337H1ZA,0,29DPGPA5356K1ZL,292.29,292.29,0.00,0.00,I16664,909338,ORLEVAS - A 75 CAP,,10S,BD251115A,01-Apr-2027,01,04,2027,1.000,0.000,0.00,0.00,3.00,64.280,5.000,0,1,0.00,0,0,0,84.380,0,0,0,i2500083001913692,22-Oct-2025,14093,LEVENR,10,,,0,,14093,0,0,133,,22,10,2025,64.28,30049099,2.50,1.56,2.50,1.56,0.00,0.00,0.00,0.00,0000-00-00,-,MAHAVEER MEDISALES PVT LTD,S.K MEDICALS,64.28,0.000,0.00,5284870,
003004,000,25,I,i2500073002396079,22-Oct-2025,22,10,2025,DS7580,,0.00,0.00,,,0,0.00,,0,0.00,,0,0.00,,0,0.00,12277.00,1,29AAKCM2337H1ZA,0,29DPGPA5356K1ZL,292.29,292.29,0.00,0.00,I22361,289827,WELMINIC DROPS 15ML,,15ML,ADO01ARA,01-Mar-2027,01,03,2027,1.000,0.000,0.00,0.00,3.00,56.730,5.000,0,1,0.00,0,0,0,74.460,0,0,0,i2500083001913692,22-Oct-2025,10761,AKUMENTIS WINSPIRE,1,,,0,,10761,0,0,133,,22,10,2025,56.73,30049039,2.50,1.38,2.50,1.38,0.00,0.00,0.00,0.00,0000-00-00,2400360846,MAHAVEER MEDISALES PVT LTD,S.K MEDICALS,56.73,0.000,0.00,5284870,
003004,000,25,I,i2500073002396079,22-Oct-2025,22,10,2025,DS7580,,0.00,0.00,,,0,0.00,,0,0.00,,0,0.00,,0,0.00,12277.00,1,29AAKCM2337H1ZA,0,29DPGPA5356K1ZL,292.29,292.29,0.00,0.00,I24621,B03751,EMPANORM M 12.5/500 TAB 10S,,10S,360625001.,01-Oct-2026,01,10,2026,2.000,0.000,0.00,0.00,3.00,84.990,5.000,0,1,0.00,0,0,0,111.550,0,0,0,i2500083001913692,22-Oct-2025,10727,ALKEM IMPERIA,10,,,0,,10727,0,0,133,,22,10,2025,169.98,30049099,2.50,4.12,2.50,4.12,0.00,0.00,0.00,0.00,0000-00-00,-,MAHAVEER MEDISALES PVT LTD,S.K MEDICALS,84.99,0.000,0.00,5284870,
003004,000,25,I,i2500073002396079,22-Oct-2025,22,10,2025,DS7580,,0.00,0.00,,,0,0.00,,0,0.00,,0,0.00,,0,0.00,12277.00,1,29AAKCM2337H1ZA,0,29DPGPA5356K1ZL,292.29,292.29,0.00,0.00,249940,529651,OLOX 200 TAB,,10S,CPLAJ25009,01-Feb-2027,01,02,2027,10.000,0.000,0.00,0.00,0.00,16.300,5.000,0,1,0.00,0,0,0,75.500,0,0,0,i2500083001913692,22-Oct-2025,12051,CIPLA GENERICS,10,,,0,,12051,0,0,133,,22,10,2025,163.00,30042034,2.50,4.08,2.50,4.08,0.00,0.00,0.00,0.00,0000-00-00,2400450250,MAHAVEER MEDISALES PVT LTD,S.K MEDICALS,16.30,0.000,0.00,5284870,
003004,000,25,I,i2500073002396079,22-Oct-2025,22,10,2025,DS7580,,0.00,0.00,,,0,0.00,,0,0.00,,0,0.00,,0,0.00,12277.00,1,29AAKCM2337H1ZA,0,29DPGPA5356K1ZL,292.29,292.29,0.00,0.00,I16656,915274,CIMELITE - T TAB,,10S,BD251008E,01-Apr-2027,01,04,2027,1.000,0.000,0.00,0.00,3.00,60.710,5.000,0,1,0.00,0,0,0,79.690,0,0,0,i2500083001913692,22-Oct-2025,14093,LEVENR,10,,,0,,14093,0,0,133,,22,10,2025,60.71,30049099,2.50,1.47,2.50,1.47,0.00,0.00,0.00,0.00,0000-00-00,2400400139,MAHAVEER MEDISALES PVT LTD,S.K MEDICALS,60.71,0.000,0.00,5284870,
003004,000,25,I,i2500073002396079,22-Oct-2025,22,10,2025,DS7580,,0.00,0.00,,,0,0.00,,0,0.00,,0,0.00,,0,0.00,12277.00,1,29AAKCM2337H1ZA,0,29DPGPA5356K1ZL,292.29,292.29,0.00,0.00,I08551,205923,MAXIRICH MULTIVITAMINS CAPS 10S,,10S,TF25191F,01-May-2027,01,05,2027,6.000,0.000,349.76,66.67,3.00,87.440,5.000,0,1,0.00,0,0,0,114.780,0,0,0,i2500083001913692,22-Oct-2025,12040,CIPLA HEALTH,10,,,0,,12040,0,0,133,,22,10,2025,174.88,21069099,2.50,4.24,2.50,4.24,0.00,0.00,0.00,0.00,0000-00-00,2400431920,MAHAVEER MEDISALES PVT LTD,S.K MEDICALS,87.44,0.000,0.00,5284870,
003004,000,25,I,i2500073002396079,22-Oct-2025,22,10,2025,DS7580,,0.00,0.00,,,0,0.00,,0,0.00,,0,0.00,,0,0.00,12277.00,1,29AAKCM2337H1ZA,0,29DPGPA5356K1ZL,292.29,292.29,0.00,0.00,I04874,371268,TELAID - AMH TAB,,10S,244TTL018,01-May-2027,01,05,2027,3.000,0.000,0.00,0.00,3.00,62.230,5.000,0,1,0.00,0,0,0,79.690,0,0,0,i2500083001913692,22-Oct-2025,13110,GENEAID PHARMACEUTICALS,10,,,0,,13110,0,0,133,,22,10,2025,186.69,30049099,2.50,4.53,2.50,4.53,0.00,0.00,0.00,0.00,0000-00-00,2400441188,MAHAVEER MEDISALES PVT LTD,S.K MEDICALS,62.23,0.000,0.00,5284870,
003004,000,25,I,i2500073002396079,22-Oct-2025,22,10,2025,DS7580,,0.00,0.00,,,0,0.00,,0,0.00,,0,0.00,,0,0.00,12277.00,1,29AAKCM2337H1ZA,0,29DPGPA5356K1ZL,292.29,292.29,0.00,0.00,I14314,893601,OXRAMET S XR 1000MG,,7S,GTG1960B,03-May-2027,03,05,2027,1.000,0.000,0.00,0.00,3.00,116.780,5.000,0,1,0.00,0,0,0,153.280,0,0,0,i2500083001913692,22-Oct-2025,15723,SUN PHARMA ALTAN,7,,,0,,15723,0,0,133,,22,10,2025,116.78,30049099,2.50,2.83,2.50,2.83,0.00,0.00,0.00,0.00,0000-00-00,2400351826,MAHAVEER MEDISALES PVT LTD,S.K MEDICALS,116.78,0.000,0.00,5284870,
003004,000,25,I,i2500073002396079,22-Oct-2025,22,10,2025,DS7580,,0.00,0.00,,,0,0.00,,0,0.00,,0,0.00,,0,0.00,12277.00,1,29AAKCM2337H1ZA,0,29DPGPA5356K1ZL,292.29,292.29,0.00,0.00,I17469,934008,TAZLOC 40MG TAB 15S,,15S,48020396,30-Jun-2027,30,06,2027,2.000,0.000,0.00,0.00,3.00,73.620,5.000,0,1,0.00,0,0,0,96.620,0,0,0,i2500083001913692,22-Oct-2025,16179,USV TAZLOC,15,,,0,,16179,0,0,133,,22,10,2025,147.24,30049099,2.50,3.57,2.50,3.57,0.00,0.00,0.00,0.00,0000-00-00,2400341530,MAHAVEER MEDISALES PVT LTD,S.K MEDICALS,73.62,0.000,0.00,5284870,
003004,000,25,I,i2500073002396079,22-Oct-2025,22,10,2025,DS7580,,0.00,0.00,,,0,0.00,,0,0.00,,0,0.00,,0,0.00,12277.00,1,29AAKCM2337H1ZA,0,29DPGPA5356K1ZL,292.29,292.29,0.00,0.00,188238,570599,VOGS GM2MG TAB,,15S,SGB519,01-May-2027,01,05,2027,4.000,0.000,0.00,0.00,3.00,95.560,5.000,0,1,0.00,0,0,0,125.430,0,0,0,i2500083001913692,22-Oct-2025,15801,SYSTOPIC LABORATORIES[188],15,,,0,,15801,0,0,133,,22,10,2025,382.24,30043190,2.50,9.27,2.50,9.27,0.00,0.00,0.00,0.00,0000-00-00,2400405640,MAHAVEER MEDISALES PVT LTD,S.K MEDICALS,95.56,0.000,0.00,5284870,
003004,000,25,I,i2500073002396079,22-Oct-2025,22,10,2025,DS7580,,0.00,0.00,,,0,0.00,,0,0.00,,0,0.00,,0,0.00,12277.00,1,29AAKCM2337H1ZA,0,29DPGPA5356K1ZL,292.29,292.29,0.00,0.00,168369,365513,FANCAL KD TAB,,10S,SOT-8471,01-May-2027,01,05,2027,1.000,0.000,0.00,0.00,3.00,127.860,5.000,0,1,0.00,0,0,0,167.810,0,0,0,i2500083001913692,22-Oct-2025,15301,PHARMA-TECH INDIA[153],10,,,0,,15301,0,0,133,,22,10,2025,127.86,30049099,2.50,3.10,2.50,3.10,0.00,0.00,0.00,0.00,0000-00-00,2400381510,MAHAVEER MEDISALES PVT LTD,S.K MEDICALS,127.86,0.000,0.00,5284870,
003004,000,25,I,i2500073002396079,22-Oct-2025,22,10,2025,DS7580,,0.00,0.00,,,0,0.00,,0,0.00,,0,0.00,,0,0.00,12277.00,1,29AAKCM2337H1ZA,0,29DPGPA5356K1ZL,292.29,292.29,0.00,0.00,014035,135536,PANDERM ++ CREAM,,15GM,18252425A,31-May-2027,31,05,2027,7.000,0.000,84.00,14.29,3.00,84.000,5.000,0,1,0.00,0,0,0,110.250,0,0,0,i2500083001913692,22-Oct-2025,14106,MACLEODS MACPHAR[014],1,,,0,,14106,0,0,133,,22,10,2025,504.00,30042069,2.50,12.22,2.50,12.22,0.00,0.00,0.00,0.00,0000-00-00,2400447411,MAHAVEER MEDISALES PVT LTD,S.K MEDICALS,84.00,0.000,0.00,5284870,
003004,000,25,I,i2500073002396079,22-Oct-2025,22,10,2025,DS7580,,0.00,0.00,,,0,0.00,,0,0.00,,0,0.00,,0,0.00,12277.00,1,29AAKCM2337H1ZA,0,29DPGPA5356K1ZL,292.29,292.29,0.00,0.00,161086,207348,TANCODEP TAB ,,10S,2DF5L002,03-Mar-2028,03,03,2028,3.000,0.000,0.00,0.00,3.00,21.890,5.000,0,1,0.00,0,0,0,28.730,0,0,0,i2500083001913692,22-Oct-2025,16071,TORRENT NEURON,10,,,0,,16071,0,0,133,,22,10,2025,65.67,30049089,2.50,1.59,2.50,1.59,0.00,0.00,0.00,0.00,0000-00-00,2400345222,MAHAVEER MEDISALES PVT LTD,S.K MEDICALS,21.89,0.000,0.00,5284870,
003004,000,25,I,i2500073002396079,22-Oct-2025,22,10,2025,DS7580,,0.00,0.00,,,0,0.00,,0,0.00,,0,0.00,,0,0.00,12277.00,1,29AAKCM2337H1ZA,0,29DPGPA5356K1ZL,292.29,292.29,0.00,0.00,141303,275400,DILNIP TRIO TAB,,10S,S25124207G,03-Jun-2027,03,06,2027,2.000,0.000,0.00,0.00,3.00,190.140,5.000,0,1,0.00,0,0,0,249.560,0,0,0,i2500083001913692,22-Oct-2025,14072,LUPIN PRIMUS,10,,,0,,14072,0,0,133,,22,10,2025,380.28,30049079,2.50,9.22,2.50,9.22,0.00,0.00,0.00,0.00,0000-00-00,2400373189,MAHAVEER MEDISALES PVT LTD,S.K MEDICALS,190.14,0.000,0.00,5284870,
003004,000,25,I,i2500073002396079,22-Oct-2025,22,10,2025,DS7580,,0.00,0.00,,,0,0.00,,0,0.00,,0,0.00,,0,0.00,12277.00,1,29AAKCM2337H1ZA,0,29DPGPA5356K1ZL,292.29,292.29,0.00,0.00,I17410,931799,AMLONG TL 40 15S,,15S,AMOS0035,03-Apr-2027,03,04,2027,2.000,0.000,0.00,0.00,3.00,182.860,5.000,0,1,0.00,0,0,0,240.000,0,0,0,i2500083001913692,22-Oct-2025,14601,MICRO CARSYON CARDIAC[62],15,,,0,,14601,0,0,133,,22,10,2025,365.72,30049079,2.50,8.87,2.50,8.87,0.00,0.00,0.00,0.00,0000-00-00,2400398977,MAHAVEER MEDISALES PVT LTD,S.K MEDICALS,182.86,0.000,0.00,5284870,
003004,000,25,I,i2500073002396079,22-Oct-2025,22,10,2025,DS7580,,0.00,0.00,,,0,0.00,,0,0.00,,0,0.00,,0,0.00,12277.00,1,29AAKCM2337H1ZA,0,29DPGPA5356K1ZL,292.29,292.29,0.00,0.00,188208,241185,NEWTEL AM TAB,,10S,WNAM325016,01-May-2027,01,05,2027,5.000,0.000,0.00,0.00,3.00,37.140,5.000,0,1,0.00,0,0,0,48.750,0,0,0,i2500083001913692,22-Oct-2025,15801,SYSTOPIC LABORATORIES[188],10,,,0,,15801,0,0,133,,22,10,2025,185.70,30049079,2.50,4.50,2.50,4.50,0.00,0.00,0.00,0.00,0000-00-00,2400437210,MAHAVEER MEDISALES PVT LTD,S.K MEDICALS,37.14,0.000,0.00,5284870,
003004,000,25,I,i2500073002396079,22-Oct-2025,22,10,2025,DS7580,,0.00,0.00,,,0,0.00,,0,0.00,,0,0.00,,0,0.00,12277.00,1,29AAKCM2337H1ZA,0,29DPGPA5356K1ZL,292.29,292.29,0.00,0.00,161894,222705,TRIGLYNASE 2MG TAB(THE),,10S,28026946,31-Dec-2026,31,12,2026,3.000,0.000,0.00,0.00,3.00,71.260,5.000,0,1,0.00,0,0,0,93.520,0,0,0,i2500083001913692,22-Oct-2025,16177,USV FORCE ONE CRESCENDO,10,,,0,,16177,0,0,133,,22,10,2025,213.78,30049099,2.50,5.18,2.50,5.18,0.00,0.00,0.00,0.00,0000-00-00,2400426556,MAHAVEER MEDISALES PVT LTD,S.K MEDICALS,71.26,0.000,0.00,5284870,
003004,000,25,I,i2500073002396079,22-Oct-2025,22,10,2025,DS7580,,0.00,0.00,,,0,0.00,,0,0.00,,0,0.00,,0,0.00,12277.00,1,29AAKCM2337H1ZA,0,29DPGPA5356K1ZL,292.29,292.29,0.00,0.00,137081,109845,MAHACEF 100 TAB,,10S,B9AKY002,01-Apr-2027,01,04,2027,1.000,0.000,0.00,0.00,3.00,68.570,5.000,0,1,0.00,0,0,0,90.000,0,0,0,i2500083001913692,22-Oct-2025,14201,MANKIND DISCOVERY[191],10,,,0,,14201,0,0,133,,22,10,2025,68.57,30042019,2.50,1.66,2.50,1.66,0.00,0.00,0.00,0.00,0000-00-00,-,MAHAVEER MEDISALES PVT LTD,S.K MEDICALS,68.57,0.000,0.00,5284870,
003004,000,25,I,i2500073002396079,22-Oct-2025,22,10,2025,DS7580,,0.00,0.00,,,0,0.00,,0,0.00,,0,0.00,,0,0.00,12277.00,1,29AAKCM2337H1ZA,0,29DPGPA5356K1ZL,292.29,292.29,0.00,0.00,14066,208458,LUPISULIN M 50(50/50)40IU,,10ML,A032515018,01-May-2028,01,05,2028,1.000,0.000,0.00,0.00,2.00,156.840,5.000,0,1,0.00,0,0,0,196.050,0,0,0,i2500083001913692,22-Oct-2025,14086,LUPIN INSPIRE,1,,,0,,14086,0,0,133,,22,10,2025,156.84,30043110,2.50,3.84,2.50,3.84,0.00,0.00,0.00,0.00,0000-00-00,2400449073,MAHAVEER MEDISALES PVT LTD,S.K MEDICALS,156.84,0.000,0.00,5284870,
003004,000,25,I,i2500073002396079,22-Oct-2025,22,10,2025,DS7580,,0.00,0.00,,,0,0.00,,0,0.00,,0,0.00,,0,0.00,12277.00,1,29AAKCM2337H1ZA,0,29DPGPA5356K1ZL,292.29,292.29,0.00,0.00,253382,614913,DYTOR PLUS LS 10MG  TAB,,15S,5SB0407,03-Mar-2027,03,03,2027,4.000,0.000,0.00,0.00,3.00,54.070,5.000,0,1,0.00,0,0,0,70.970,0,0,0,i2500083001913692,22-Oct-2025,12014,CIPLA RESPIRATORY MISC,15,,,0,,12014,0,0,133,,22,10,2025,216.28,30049079,2.50,5.24,2.50,5.24,0.00,0.00,0.00,0.00,0000-00-00,2400387721,MAHAVEER MEDISALES PVT LTD,S.K MEDICALS,54.07,0.000,0.00,5284870,
003004,000,25,I,i2500073002396079,22-Oct-2025,22,10,2025,DS7580,,0.00,0.00,,,0,0.00,,0,0.00,,0,0.00,,0,0.00,12277.00,1,29AAKCM2337H1ZA,0,29DPGPA5356K1ZL,292.29,292.29,0.00,0.00,76082,111265,MAZETOL 200MG,,10S,MZB25016,03-Jun-2027,03,06,2027,5.000,0.000,0.00,0.00,3.00,12.770,5.000,0,1,0.00,0,0,0,16.760,0,0,0,i2500083001913692,22-Oct-2025,10312,ABBOTT PIRAMAL NEURO PSYCHIATRY ,10,,,0,,10312,0,0,133,,22,10,2025,63.85,30049081,2.50,1.55,2.50,1.55,0.00,0.00,0.00,0.00,0000-00-00,2400422229,MAHAVEER MEDISALES PVT LTD,S.K MEDICALS,12.77,0.000,0.00,5284870,
003004,000,25,I,i2500073002396079,22-Oct-2025,22,10,2025,DS7580,,0.00,0.00,,,0,0.00,,0,0.00,,0,0.00,,0,0.00,12277.00,1,29AAKCM2337H1ZA,0,29DPGPA5356K1ZL,292.29,292.29,0.00,0.00,40213,183600,VOVERAN SR 100MG TAB,,15S,610SWBD5,03-May-2027,03,05,2027,1.000,0.000,0.00,0.00,3.00,186.780,5.000,0,1,0.00,0,0,0,245.150,0,0,0,i2500083001913692,22-Oct-2025,12408,DRREDDYS RECURA GEM,15,,,0,,12408,0,0,133,,22,10,2025,186.78,30049069,2.50,4.53,2.50,4.53,0.00,0.00,0.00,0.00,0000-00-00,2400414755,MAHAVEER MEDISALES PVT LTD,S.K MEDICALS,186.78,0.000,0.00,5284870,
003004,000,25,I,i2500073002396079,22-Oct-2025,22,10,2025,DS7580,,0.00,0.00,,,0,0.00,,0,0.00,,0,0.00,,0,0.00,12277.00,1,29AAKCM2337H1ZA,0,29DPGPA5356K1ZL,292.29,292.29,0.00,0.00,I12772,836946,VOGLOW-0.3 GM3 TAB,,15S,AMD02ADA,01-Apr-2027,01,04,2027,2.000,0.000,0.00,0.00,3.00,185.290,5.000,0,1,0.00,0,0,0,243.190,0,0,0,i2500083001913692,22-Oct-2025,15151,PRIMUS REMEDIES PVT LTD,15,,,0,,15151,0,0,133,,22,10,2025,370.58,30049099,2.50,8.99,2.50,8.99,0.00,0.00,0.00,0.00,0000-00-00,2400383955,MAHAVEER MEDISALES PVT LTD,S.K MEDICALS,185.29,0.000,0.00,5284870,
003004,000,25,I,i2500073002396079,22-Oct-2025,22,10,2025,DS7580,,0.00,0.00,,,0,0.00,,0,0.00,,0,0.00,,0,0.00,12277.00,1,29AAKCM2337H1ZA,0,29DPGPA5356K1ZL,292.29,292.29,0.00,0.00,18501,227047,CLOPITORVA 20 CAP,,10S,IA00649A,03-May-2027,03,05,2027,3.000,0.000,0.00,0.00,3.00,299.080,5.000,0,1,0.00,0,0,0,392.540,0,0,0,i2500083001913692,22-Oct-2025,16608,ZYDUS MEDICA[185],10,,,0,,16608,0,0,133,,22,10,2025,897.24,30049079,2.50,21.76,2.50,21.76,0.00,0.00,0.00,0.00,0000-00-00,2400338380,MAHAVEER MEDISALES PVT LTD,S.K MEDICALS,299.08,0.000,0.00,5284870,
003004,000,25,I,i2500073002396079,22-Oct-2025,22,10,2025,DS7580,,0.00,0.00,,,0,0.00,,0,0.00,,0,0.00,,0,0.00,12277.00,1,29AAKCM2337H1ZA,0,29DPGPA5356K1ZL,292.29,292.29,0.00,0.00,160828,194732,TIDE PLUS 10MG TAB,,10S,2RA1M006,31-May-2027,31,05,2027,2.000,0.000,0.00,0.00,3.00,38.210,5.000,0,1,0.00,0,0,0,50.150,0,0,0,i2500083001913692,22-Oct-2025,16085,TORRENT FORZA,10,,,0,,16085,0,0,133,,22,10,2025,76.42,30049079,2.50,1.85,2.50,1.85,0.00,0.00,0.00,0.00,0000-00-00,2400344992,MAHAVEER MEDISALES PVT LTD,S.K MEDICALS,38.21,0.000,0.00,5284870,
003004,000,25,I,i2500073002396079,22-Oct-2025,22,10,2025,DS7580,,0.00,0.00,,,0,0.00,,0,0.00,,0,0.00,,0,0.00,12277.00,1,29AAKCM2337H1ZA,0,29DPGPA5356K1ZL,292.29,292.29,0.00,0.00,471183,622124,GABANEURON NT 300MG TAB,,15S,2510018AR,28-Feb-2028,28,02,2028,1.000,0.000,0.00,0.00,3.00,267.860,5.000,0,1,0.00,0,0,0,351.560,0,0,0,i2500083001913692,22-Oct-2025,10803,ARISTO TASKFORCE[77],15,,,0,,10803,0,0,133,,22,10,2025,267.86,30049082,2.50,6.50,2.50,6.50,0.00,0.00,0.00,0.00,0000-00-00,-,MAHAVEER MEDISALES PVT LTD,S.K MEDICALS,267.86,0.000,0.00,5284870,
003004,000,25,I,i2500073002396079,22-Oct-2025,22,10,2025,DS7580,,0.00,0.00,,,0,0.00,,0,0.00,,0,0.00,,0,0.00,12277.00,1,29AAKCM2337H1ZA,0,29DPGPA5356K1ZL,292.29,292.29,0.00,0.00,I20053,A71516,METOCARD XL 25MG TAB 15S,,15S,2C29M008.,31-May-2028,31,05,2028,3.000,0.000,0.00,0.00,3.00,51.810,5.000,0,1,0.00,0,0,0,68.000,0,0,0,i2500083001913692,22-Oct-2025,16085,TORRENT FORZA,15,,,0,,16085,0,0,133,,22,10,2025,155.43,30049074,2.50,3.77,2.50,3.77,0.00,0.00,0.00,0.00,0000-00-00,-,MAHAVEER MEDISALES PVT LTD,S.K MEDICALS,51.81,0.000,0.00,5284870,
003004,000,25,I,i2500073002396079,22-Oct-2025,22,10,2025,DS7580,,0.00,0.00,,,0,0.00,,0,0.00,,0,0.00,,0,0.00,12277.00,1,29AAKCM2337H1ZA,0,29DPGPA5356K1ZL,292.29,292.29,0.00,0.00,371808,245987,GERBISA TAB,,10S,IA01083A,01-Jul-2027,01,07,2027,11.000,1.000,0.00,0.00,3.00,9.510,5.000,0,1,0.00,0,0,0,12.490,0,0,0,i2500083001913692,22-Oct-2025,13202,GERMAN REMEDIES PHARMA[112],10,,,0,,13202,0,0,133,,22,10,2025,104.61,30049099,2.50,2.54,2.50,2.54,0.00,0.00,0.00,0.00,0000-00-00,2400428498,MAHAVEER MEDISALES PVT LTD,S.K MEDICALS,9.51,0.000,0.00,5284870,
003004,000,25,I,i2500073002396079,22-Oct-2025,22,10,2025,DS7580,,0.00,0.00,,,0,0.00,,0,0.00,,0,0.00,,0,0.00,12277.00,1,29AAKCM2337H1ZA,0,29DPGPA5356K1ZL,292.29,292.29,0.00,0.00,681287,254693,MEGANEURON PG CAPS,,10S,MPG252580,11-Dec-2026,11,12,2026,2.000,0.000,0.00,0.00,3.00,128.920,5.000,0,1,0.00,0,0,0,169.210,0,0,0,i2500083001913692,22-Oct-2025,10801,ARISTO OTSIRA GENETICA[68],10,,,0,,10801,0,0,133,,22,10,2025,257.84,30049099,2.50,6.25,2.50,6.25,0.00,0.00,0.00,0.00,0000-00-00,2400404469,MAHAVEER MEDISALES PVT LTD,S.K MEDICALS,128.92,0.000,0.00,5284870,
003004,000,25,I,i2500073002396079,22-Oct-2025,22,10,2025,DS7580,,0.00,0.00,,,0,0.00,,0,0.00,,0,0.00,,0,0.00,12277.00,1,29AAKCM2337H1ZA,0,29DPGPA5356K1ZL,292.29,292.29,0.00,0.00,161926,064421,ECOSPRIN GOLD 20MG CAPS,,15S,EGTC25043,31-Dec-2026,31,12,2026,2.000,0.000,0.00,0.00,2.00,145.950,5.000,0,1,0.00,0,0,0,182.440,0,0,0,i2500083001913692,22-Oct-2025,16170,USV CENTRA,15,,,0,,16170,0,0,133,,22,10,2025,291.90,30049062,2.50,7.15,2.50,7.15,0.00,0.00,0.00,0.00,0000-00-00,2400334970,MAHAVEER MEDISALES PVT LTD,S.K MEDICALS,145.95,0.000,0.00,5284870,
003004,000,25,I,i2500073002396079,22-Oct-2025,22,10,2025,DS7580,,0.00,0.00,,,0,0.00,,0,0.00,,0,0.00,,0,0.00,12277.00,1,29AAKCM2337H1ZA,0,29DPGPA5356K1ZL,292.29,292.29,0.00,0.00,012007,009656,AMLOVAS AT TAB,,15S,18252454A,30-Nov-2028,30,11,2028,2.000,0.000,0.00,0.00,3.00,100.560,5.000,0,1,0.00,0,0,0,131.990,0,0,0,i2500083001913692,22-Oct-2025,14111,MACLEODS  PROCARE HD,15,,,0,,14111,0,0,133,,22,10,2025,201.12,30049079,2.50,4.88,2.50,4.88,0.00,0.00,0.00,0.00,0000-00-00,2400398058,MAHAVEER MEDISALES PVT LTD,S.K MEDICALS,100.56,0.000,0.00,5284870,
003004,000,25,I,i2500073002396079,22-Oct-2025,22,10,2025,DS7580,,0.00,0.00,,,0,0.00,,0,0.00,,0,0.00,,0,0.00,12277.00,1,29AAKCM2337H1ZA,0,29DPGPA5356K1ZL,292.29,292.29,0.00,0.00,168368,272728,AXCER (90MG) TAB,,14S,GTG1773A,03-May-2028,03,05,2028,2.000,0.000,0.00,0.00,3.00,374.290,5.000,0,1,0.00,0,0,0,491.250,0,0,0,i2500083001913692,22-Oct-2025,15705,SUN PHARMA AZURA[162],14,,,0,,15705,0,0,133,,22,10,2025,748.58,30049099,2.50,18.15,2.50,18.15,0.00,0.00,0.00,0.00,0000-00-00,2400437017,MAHAVEER MEDISALES PVT LTD,S.K MEDICALS,374.29,0.000,0.00,5284870,
003004,000,25,I,i2500073002396079,22-Oct-2025,22,10,2025,DS7580,,0.00,0.00,,,0,0.00,,0,0.00,,0,0.00,,0,0.00,12277.00,1,29AAKCM2337H1ZA,0,29DPGPA5356K1ZL,292.29,292.29,0.00,0.00,161789,254413,ROSEDAY A 10MG CAPS,,10S,SGY0425.,31-May-2027,31,05,2027,5.000,0.000,0.00,0.00,3.00,67.960,5.000,0,1,0.00,0,0,0,89.200,0,0,0,i2500083001913692,22-Oct-2025,16173,USV CONQUER,10,,,0,,16173,0,0,133,,22,10,2025,339.80,30049099,2.50,8.24,2.50,8.24,0.00,0.00,0.00,0.00,0000-00-00,-,MAHAVEER MEDISALES PVT LTD,S.K MEDICALS,67.96,0.000,0.00,5284870,
003004,000,25,I,i2500073002396079,22-Oct-2025,22,10,2025,DS7580,,0.00,0.00,,,0,0.00,,0,0.00,,0,0.00,,0,0.00,12277.00,1,29AAKCM2337H1ZA,0,29DPGPA5356K1ZL,292.29,292.29,0.00,0.00,I11583,541486,ROZULA CV 10  TAB,,10S,UGC25227,01-Aug-2027,01,08,2027,3.000,0.000,0.00,0.00,3.00,114.290,5.000,0,1,0.00,0,0,0,150.000,0,0,0,i2500083001913692,22-Oct-2025,12525,ELBRIT LIFE SCIENCES PVT LTD,10,,,0,,12525,0,0,133,,22,10,2025,342.87,30049099,2.50,8.31,2.50,8.31,0.00,0.00,0.00,0.00,0000-00-00,2400432761,MAHAVEER MEDISALES PVT LTD,S.K MEDICALS,114.29,0.000,0.00,5284870,
003004,000,25,I,i2500073002396079,22-Oct-2025,22,10,2025,DS7580,,0.00,0.00,,,0,0.00,,0,0.00,,0,0.00,,0,0.00,12277.00,1,29AAKCM2337H1ZA,0,29DPGPA5356K1ZL,292.29,292.29,0.00,0.00,161874,239583,TAZLOC BETA 50MG TAB,,10S,TDF17,30-Jun-2027,30,06,2027,3.000,0.000,0.00,0.00,3.00,157.430,5.000,0,1,0.00,0,0,0,206.630,0,0,0,i2500083001913692,22-Oct-2025,16186,USV GAURDIAN DIVISION,10,,,0,,16186,0,0,133,,22,10,2025,472.29,30049099,2.50,11.45,2.50,11.45,0.00,0.00,0.00,0.00,0000-00-00,2400426661,MAHAVEER MEDISALES PVT LTD,S.K MEDICALS,157.43,0.000,0.00,5284870,
003004,000,25,I,i2500073002396079,22-Oct-2025,22,10,2025,DS7580,,0.00,0.00,,,0,0.00,,0,0.00,,0,0.00,,0,0.00,12277.00,1,29AAKCM2337H1ZA,0,29DPGPA5356K1ZL,292.29,292.29,0.00,0.00,140567,315762,ULTRACET TAB ,,15S,J11932,01-Jul-2027,01,07,2027,2.000,0.000,0.00,0.00,3.00,225.290,5.000,0,1,0.00,0,0,0,295.690,0,0,0,i2500083001913692,22-Oct-2025,14055,JOHNSON &amp; JOHNSON PAIN/GI,15,,,0,,14055,0,0,133,,22,10,2025,450.58,30049069,2.50,10.93,2.50,10.93,0.00,0.00,0.00,0.00,0000-00-00,2400422042,MAHAVEER MEDISALES PVT LTD,S.K MEDICALS,225.29,0.000,0.00,5284870,
003004,000,25,I,i2500073002396079,22-Oct-2025,22,10,2025,DS7580,,0.00,0.00,,,0,0.00,,0,0.00,,0,0.00,,0,0.00,12277.00,1,29AAKCM2337H1ZA,0,29DPGPA5356K1ZL,292.29,292.29,0.00,0.00,I01615,304321,GB 29 TOTAL TAB,,10S,01250749,31-May-2027,31,05,2027,3.000,0.000,0.00,0.00,3.00,203.890,5.000,0,1,0.00,0,0,0,267.610,0,0,0,i2500083001913692,22-Oct-2025,11674,CORONA XEMX,10,,,0,,11674,0,0,133,,22,10,2025,611.67,30049089,2.50,14.83,2.50,14.83,0.00,0.00,0.00,0.00,0000-00-00,2400424306,MAHAVEER MEDISALES PVT LTD,S.K MEDICALS,203.89,0.000,0.00,5284870,
003004,000,25,I,i2500073002396079,22-Oct-2025,22,10,2025,DS7580,,0.00,0.00,,,0,0.00,,0,0.00,,0,0.00,,0,0.00,12277.00,1,29AAKCM2337H1ZA,0,29DPGPA5356K1ZL,292.29,292.29,0.00,0.00,130667,854277,AMODEP 5MG TAB,,15S,075C014,02-Feb-2028,02,02,2028,5.000,0.000,0.00,0.00,3.00,13.780,5.000,0,1,0.00,0,0,0,18.080,0,0,0,i2500083001913692,22-Oct-2025,13055,FDC VISTA,15,,,0,,13055,0,0,133,,22,10,2025,68.90,30049072,2.50,1.67,2.50,1.67,0.00,0.00,0.00,0.00,0000-00-00,2400425198,MAHAVEER MEDISALES PVT LTD,S.K MEDICALS,13.78,0.000,0.00,5284870,
003004,000,25,I,i2500073002396079,22-Oct-2025,22,10,2025,DS7580,,0.00,0.00,,,0,0.00,,0,0.00,,0,0.00,,0,0.00,12277.00,1,29AAKCM2337H1ZA,0,29DPGPA5356K1ZL,292.29,292.29,0.00,0.00,I15070,895595,SACURISE 50 TAB,,14S,D2504092,31-Mar-2027,31,03,2027,2.000,0.000,0.00,0.00,3.00,180.710,5.000,0,1,0.00,0,0,0,237.190,0,0,0,i2500083001913692,22-Oct-2025,15403,RANBAXY CORONUS,14,,,0,,15403,0,0,133,,22,10,2025,361.42,30049099,2.50,8.76,2.50,8.76,0.00,0.00,0.00,0.00,0000-00-00,2400430358,MAHAVEER MEDISALES PVT LTD,S.K MEDICALS,180.71,0.000,0.00,5284870,
003004,000,25,I,i2500073002396079,22-Oct-2025,22,10,2025,DS7580,,0.00,0.00,,,0,0.00,,0,0.00,,0,0.00,,0,0.00,12277.00,1,29AAKCM2337H1ZA,0,29DPGPA5356K1ZL,292.29,292.29,0.00,0.00,155310,435848,FRISIUM 5MG TAB,,15S,5NG006,01-Jan-2028,01,01,2028,2.000,0.000,0.00,0.00,3.00,68.640,5.000,0,1,0.00,0,0,0,90.090,0,0,0,i2500083001913692,22-Oct-2025,12004,CIPLA IMPULSE 1,15,,,0,,12004,0,0,133,,22,10,2025,137.28,30049082,2.50,3.33,2.50,3.33,0.00,0.00,0.00,0.00,0000-00-00,2400422015,MAHAVEER MEDISALES PVT LTD,S.K MEDICALS,68.64,0.000,0.00,5284870,
003004,000,25,I,i2500073002396079,22-Oct-2025,22,10,2025,DS7580,,0.00,0.00,,,0,0.00,,0,0.00,,0,0.00,,0,0.00,12277.00,1,29AAKCM2337H1ZA,0,29DPGPA5356K1ZL,292.29,292.29,0.00,0.00,05193,136056,PANTOP 40MG TAB,,15S,SPG250871.,01-Dec-2027,01,12,2027,1.000,0.000,0.00,0.00,3.00,121.420,5.000,0,1,0.00,0,0,0,159.370,0,0,0,i2500083001913692,22-Oct-2025,10802,ARISTO PHARMACEUTICALS[05],15,,,0,,10802,0,0,133,,22,10,2025,121.42,30049039,2.50,2.94,2.50,2.94,0.00,0.00,0.00,0.00,0000-00-00,-,MAHAVEER MEDISALES PVT LTD,S.K MEDICALS,121.42,0.000,0.00,5284870,
003004,000,25,I,i2500073002396079,22-Oct-2025,22,10,2025,DS7580,,0.00,0.00,,,0,0.00,,0,0.00,,0,0.00,,0,0.00,12277.00,1,29AAKCM2337H1ZA,0,29DPGPA5356K1ZL,292.29,292.29,0.00,0.00,I19250,899779,PREGABANYL - M CAP,,10S,8725006,01-Jul-2027,01,07,2027,6.000,0.000,0.00,0.00,0.00,30.000,5.000,0,1,0.00,0,0,0,131.200,0,0,0,i2500083001913692,22-Oct-2025,12053,LEEFORD GENERICS,10,,,0,,12053,0,0,133,,22,10,2025,180.00,30049082,2.50,4.50,2.50,4.50,0.00,0.00,0.00,0.00,0000-00-00,2400338707,MAHAVEER MEDISALES PVT LTD,S.K MEDICALS,30.00,0.000,0.00,5284870,
003004,000,25,I,i2500073002396079,22-Oct-2025,22,10,2025,DS7580,,0.00,0.00,,,0,0.00,,0,0.00,,0,0.00,,0,0.00,12277.00,1,29AAKCM2337H1ZA,0,29DPGPA5356K1ZL,292.29,292.29,0.00,0.00,I18775,831841,BILAFORD M TAB,,10S,21455003,01-Mar-2027,01,03,2027,1.000,0.000,0.00,0.00,0.00,42.000,5.000,0,1,0.00,0,0,0,140.630,0,0,0,i2500083001913692,22-Oct-2025,12053,LEEFORD GENERICS,10,,,0,,12053,0,0,133,,22,10,2025,42.00,30049039,2.50,1.05,2.50,1.05,0.00,0.00,0.00,0.00,0000-00-00,2400341991,MAHAVEER MEDISALES PVT LTD,S.K MEDICALS,42.00,0.000,0.00,5284870,
003004,000,25,I,i2500073002396079,22-Oct-2025,22,10,2025,DS7580,,0.00,0.00,,,0,0.00,,0,0.00,,0,0.00,,0,0.00,12277.00,1,29AAKCM2337H1ZA,0,29DPGPA5356K1ZL,292.29,292.29,0.00,0.00,I23660,B00311,CARDIVAS 3.125MG TAB 15S,,15S,SIG0902A,03-Mar-2028,03,03,2028,6.000,0.000,0.00,0.00,3.00,55.710,5.000,0,1,0.00,0,0,0,73.130,0,0,0,i2500083001913692,22-Oct-2025,15705,SUN PHARMA AZURA[162],15,,,0,,15705,0,0,133,,22,10,2025,334.26,30049079,2.50,8.11,2.50,8.11,0.00,0.00,0.00,0.00,0000-00-00,-,MAHAVEER MEDISALES PVT LTD,S.K MEDICALS,55.71,0.000,0.00,5284870,
003004,000,25,I,i2500073002396079,22-Oct-2025,22,10,2025,DS7580,,0.00,0.00,,,0,0.00,,0,0.00,,0,0.00,,0,0.00,12277.00,1,29AAKCM2337H1ZA,0,29DPGPA5356K1ZL,292.29,292.29,0.00,0.00,025002,388987,VERTIN 8MG TAB,,15S,VEA25003.,03-May-2028,03,05,2028,1.000,0.000,0.00,0.00,3.00,152.620,5.000,0,1,0.00,0,0,0,200.320,0,0,0,i2500083001913692,22-Oct-2025,10109,ABBOTT NEUROLIFE DIV,15,,,0,,10109,0,0,133,,22,10,2025,152.62,30049039,2.50,3.70,2.50,3.70,0.00,0.00,0.00,0.00,0000-00-00,-,MAHAVEER MEDISALES PVT LTD,S.K MEDICALS,152.62,0.000,0.00,5284870,
003004,000,25,I,i2500073002396079,22-Oct-2025,22,10,2025,DS7580,,0.00,0.00,,,0,0.00,,0,0.00,,0,0.00,,0,0.00,12277.00,1,29AAKCM2337H1ZA,0,29DPGPA5356K1ZL,292.29,292.29,0.00,0.00,161838,064424,ECOSPRIN GOLD 10MG CAPS,,15S,EGSC25029,31-Dec-2026,31,12,2026,2.000,0.000,0.00,0.00,2.00,103.350,5.000,0,1,0.00,0,0,0,129.190,0,0,0,i2500083001913692,22-Oct-2025,16170,USV CENTRA,15,,,0,,16170,0,0,133,,22,10,2025,206.70,30049062,2.50,5.06,2.50,5.06,0.00,0.00,0.00,0.00,0000-00-00,2400426619,MAHAVEER MEDISALES PVT LTD,S.K MEDICALS,103.35,0.000,0.00,5284870,
003004,000,25,I,i2500073002396079,22-Oct-2025,22,10,2025,DS7580,,0.00,0.00,,,0,0.00,,0,0.00,,0,0.00,,0,0.00,12277.00,1,29AAKCM2337H1ZA,0,29DPGPA5356K1ZL,292.29,292.29,0.00,0.00,I25408,B07249,DAPANORM 10 TAB 15S,,15S,25442644,30-Jun-2027,30,06,2027,2.000,0.000,0.00,0.00,3.00,226.070,5.000,0,1,0.00,0,0,0,296.720,0,0,0,i2500083001913692,22-Oct-2025,10714,ALKEM METABOLIC,15,,,0,,10714,0,0,133,,22,10,2025,452.14,30049099,2.50,10.96,2.50,10.96,0.00,0.00,0.00,0.00,0000-00-00,2400380313,MAHAVEER MEDISALES PVT LTD,S.K MEDICALS,226.07,0.000,0.00,5284870,
003004,000,25,I,i2500073002396079,22-Oct-2025,22,10,2025,DS7580,,0.00,0.00,,,0,0.00,,0,0.00,,0,0.00,,0,0.00,12277.00,1,29AAKCM2337H1ZA,0,29DPGPA5356K1ZL,292.29,292.29,0.00,0.00,158135,240331,DOLOPAR TAB,,15S,DOCS0197,01-Sep-2028,01,09,2028,5.000,1.000,0.00,0.00,3.00,45.000,5.000,0,1,0.00,0,0,0,59.060,0,0,0,i2500083001913692,22-Oct-2025,14507,MICRONOVA PHARMA[11],15,,,0,,14507,0,0,133,,22,10,2025,225.00,30049069,2.50,5.46,2.50,5.46,0.00,0.00,0.00,0.00,0000-00-00,2400385838,MAHAVEER MEDISALES PVT LTD,S.K MEDICALS,45.00,0.000,0.00,5284870,
003004,000,25,I,i2500073002396080,22-Oct-2025,22,10,2025,DS7580,,0.00,0.00,,,0,0.00,,0,0.00,,0,0.00,,0,0.00,5366.00,1,29AAKCM2337H1ZA,0,29DPGPA5356K1ZL,174.59,174.59,0.00,0.00,I21882,277778,FREELEX PLUS SUSP,,170ML,CHLH25046,01-May-2027,01,05,2027,9.000,1.000,0.00,0.00,0.00,54.000,5.000,0,1,0.00,0,0,0,140.000,0,0,0,i2500083001913692,22-Oct-2025,12053,LEEFORD GENERICS,1,,,0,,12053,0,0,133,,22,10,2025,486.00,30049039,2.50,12.15,2.50,12.15,0.00,0.00,0.00,0.00,0000-00-00,2400338678,MAHAVEER MEDISALES PVT LTD,S.K MEDICALS,54.00,0.000,0.00,5284870,
003004,000,25,I,i2500073002396080,22-Oct-2025,22,10,2025,DS7580,,0.00,0.00,,,0,0.00,,0,0.00,,0,0.00,,0,0.00,5366.00,1,29AAKCM2337H1ZA,0,29DPGPA5356K1ZL,174.59,174.59,0.00,0.00,I20798,A85086,VEET CREAM PURE NORMAL SKIN  50GM,,50GM,BSTW898,01-Aug-2028,01,08,2028,2.000,0.000,0.00,0.00,0.00,134.790,18.000,0,1,0.00,0,0,0,175.000,0,0,0,i2500083001913692,22-Oct-2025,10783,RECKITT BENCKISER (VEET),1,,,0,,10783,0,0,133,,22,10,2025,269.58,33079010,9.00,24.26,9.00,24.26,0.00,0.00,0.00,0.00,0000-00-00,2400425823,MAHAVEER MEDISALES PVT LTD,S.K MEDICALS,134.79,0.000,0.00,5284870,
003004,000,25,I,i2500073002396080,22-Oct-2025,22,10,2025,DS7580,,0.00,0.00,,,0,0.00,,0,0.00,,0,0.00,,0,0.00,5366.00,1,29AAKCM2337H1ZA,0,29DPGPA5356K1ZL,174.59,174.59,0.00,0.00,I00749,326840,PANKAJAKASTHURI B/E SYP ,,200ML,A012625.,01-May-2027,01,05,2027,1.000,0.000,0.00,0.00,0.00,163.330,5.000,0,1,0.00,0,0,0,206.000,0,0,0,i2500083001913692,22-Oct-2025,106501,PANKAJAKASTHURI HERBALS,1,,,0,,106501,0,0,133,,22,10,2025,163.33,30049011,2.50,4.08,2.50,4.08,0.00,0.00,0.00,0.00,0000-00-00,-,MAHAVEER MEDISALES PVT LTD,S.K MEDICALS,163.33,0.000,0.00,5284870,
003004,000,25,I,i2500073002396080,22-Oct-2025,22,10,2025,DS7580,,0.00,0.00,,,0,0.00,,0,0.00,,0,0.00,,0,0.00,5366.00,1,29AAKCM2337H1ZA,0,29DPGPA5356K1ZL,174.59,174.59,0.00,0.00,I01129,270334,D.F.O GEL 50GM,,50GM,GD270662,01-Jun-2027,01,06,2027,1.000,0.000,0.00,0.00,3.00,151.790,5.000,0,1,0.00,0,0,0,199.220,0,0,0,i2500083001913692,22-Oct-2025,15071,OZONE PROTON,1,,,0,,15071,0,0,133,,22,10,2025,151.79,30049069,2.50,3.68,2.50,3.68,0.00,0.00,0.00,0.00,0000-00-00,2400385931,MAHAVEER MEDISALES PVT LTD,S.K MEDICALS,151.79,0.000,0.00,5284870,
003004,000,25,I,i2500073002396080,22-Oct-2025,22,10,2025,DS7580,,0.00,0.00,,,0,0.00,,0,0.00,,0,0.00,,0,0.00,5366.00,1,29AAKCM2337H1ZA,0,29DPGPA5356K1ZL,174.59,174.59,0.00,0.00,364002,344668,ARKAMIN TAB,,30S,8NY2M028.,31-Mar-2027,31,03,2027,3.000,0.000,0.00,0.00,3.00,68.840,5.000,0,1,0.00,0,0,0,90.350,0,0,0,i2500083001913692,22-Oct-2025,16090,TORRENT QUANTA,30,,,0,,16090,0,0,133,,22,10,2025,206.52,30049076,2.50,5.01,2.50,5.01,0.00,0.00,0.00,0.00,0000-00-00,-,MAHAVEER MEDISALES PVT LTD,S.K MEDICALS,68.84,0.000,0.00,5284870,
003004,000,25,I,i2500073002396080,22-Oct-2025,22,10,2025,DS7580,,0.00,0.00,,,0,0.00,,0,0.00,,0,0.00,,0,0.00,5366.00,1,29AAKCM2337H1ZA,0,29DPGPA5356K1ZL,174.59,174.59,0.00,0.00,150406,107990,LOX 2% JELLY,,30GM,S866,01-May-2027,01,05,2027,4.000,0.000,0.00,0.00,3.00,23.000,5.000,0,1,0.00,0,0,0,34.580,0,0,0,i2500083001913692,22-Oct-2025,15032,NEON ANAESTHESIA,1,,,0,,15032,0,0,133,,22,10,2025,92.00,30039034,2.50,2.23,2.50,2.23,0.00,0.00,0.00,0.00,0000-00-00,2400435626,MAHAVEER MEDISALES PVT LTD,S.K MEDICALS,23.00,0.000,0.00,5284870,
003004,000,25,I,i2500073002396080,22-Oct-2025,22,10,2025,DS7580,,0.00,0.00,,,0,0.00,,0,0.00,,0,0.00,,0,0.00,5366.00,1,29AAKCM2337H1ZA,0,29DPGPA5356K1ZL,174.59,174.59,0.00,0.00,I10665,835955,L - SYS LOTION 60ML,,60ML,AH5028,01-May-2027,01,05,2027,1.000,0.000,0.00,0.00,3.00,207.120,5.000,0,1,0.00,0,0,0,271.850,0,0,0,i2500083001913692,22-Oct-2025,15801,SYSTOPIC LABORATORIES[188],1,,,0,,15801,0,0,133,,22,10,2025,207.12,30049029,2.50,5.02,2.50,5.02,0.00,0.00,0.00,0.00,0000-00-00,2400422322,MAHAVEER MEDISALES PVT LTD,S.K MEDICALS,207.12,0.000,0.00,5284870,
003004,000,25,I,i2500073002396080,22-Oct-2025,22,10,2025,DS7580,,0.00,0.00,,,0,0.00,,0,0.00,,0,0.00,,0,0.00,5366.00,1,29AAKCM2337H1ZA,0,29DPGPA5356K1ZL,174.59,174.59,0.00,0.00,I07713,193227,ZERODOL GEL 30G,,30GM,IJ246,03-Aug-2026,03,08,2026,1.000,0.000,0.00,0.00,3.00,118.610,5.000,0,1,0.00,0,0,0,155.670,0,0,0,i2500083001913692,22-Oct-2025,13815,IPCA PHARMA,1,,,0,,13815,0,0,133,,22,10,2025,118.61,30049063,2.50,2.88,2.50,2.88,0.00,0.00,0.00,0.00,0000-00-00,2400422087,MAHAVEER MEDISALES PVT LTD,S.K MEDICALS,118.61,0.000,0.00,5284870,
003004,000,25,I,i2500073002396080,22-Oct-2025,22,10,2025,DS7580,,0.00,0.00,,,0,0.00,,0,0.00,,0,0.00,,0,0.00,5366.00,1,29AAKCM2337H1ZA,0,29DPGPA5356K1ZL,174.59,174.59,0.00,0.00,07154,265012,MELMET 500 SR TAB,,20S,MEDS0236,31-Oct-2027,31,10,2027,3.000,0.000,0.00,0.00,3.00,32.910,5.000,0,1,0.00,0,0,0,43.200,0,0,0,i2500083001913692,22-Oct-2025,14512,MICRO DIABETIC 2,20,,,0,,14512,0,0,133,,22,10,2025,98.73,30049079,2.50,2.39,2.50,2.39,0.00,0.00,0.00,0.00,0000-00-00,2400429344,MAHAVEER MEDISALES PVT LTD,S.K MEDICALS,32.91,0.000,0.00,5284870,
003004,000,25,I,i2500073002396080,22-Oct-2025,22,10,2025,DS7580,,0.00,0.00,,,0,0.00,,0,0.00,,0,0.00,,0,0.00,5366.00,1,29AAKCM2337H1ZA,0,29DPGPA5356K1ZL,174.59,174.59,0.00,0.00,135502,043040,CLEARGEL GEL,,20GM,HC173,01-May-2027,01,05,2027,2.000,0.000,0.00,0.00,3.00,139.290,5.000,0,1,0.00,0,0,0,182.820,0,0,0,i2500083001913692,22-Oct-2025,13551,H&amp;H COSMECEUTICAL,1,,,0,,13551,0,0,133,,22,10,2025,278.58,30042095,2.50,6.76,2.50,6.76,0.00,0.00,0.00,0.00,0000-00-00,2400439273,MAHAVEER MEDISALES PVT LTD,S.K MEDICALS,139.29,0.000,0.00,5284870,
003004,000,25,I,i2500073002396080,22-Oct-2025,22,10,2025,DS7580,,0.00,0.00,,,0,0.00,,0,0.00,,0,0.00,,0,0.00,5366.00,1,29AAKCM2337H1ZA,0,29DPGPA5356K1ZL,174.59,174.59,0.00,0.00,188302,453880,L SYS LOTION,,30ML,AH5025,01-May-2027,01,05,2027,2.000,0.000,0.00,0.00,3.00,157.140,5.000,0,1,0.00,0,0,0,206.250,0,0,0,i2500083001913692,22-Oct-2025,15801,SYSTOPIC LABORATORIES[188],1,,,0,,15801,0,0,133,,22,10,2025,314.28,30049029,2.50,7.62,2.50,7.62,0.00,0.00,0.00,0.00,0000-00-00,2400403805,MAHAVEER MEDISALES PVT LTD,S.K MEDICALS,157.14,0.000,0.00,5284870,
003004,000,25,I,i2500073002396080,22-Oct-2025,22,10,2025,DS7580,,0.00,0.00,,,0,0.00,,0,0.00,,0,0.00,,0,0.00,5366.00,1,29AAKCM2337H1ZA,0,29DPGPA5356K1ZL,174.59,174.59,0.00,0.00,I09279,694957,FRUITOBIN SYRUP 225ML,,225ML.,SCC0018,01-Jan-2027,01,01,2027,6.000,0.000,0.00,0.00,0.00,44.630,5.000,0,1,0.00,0,0,0,178.130,0,0,0,i2500083001913692,22-Oct-2025,12050,RANBAXY GENERIC,1,,,0,,12050,0,0,133,,22,10,2025,267.78,30049099,2.50,6.69,2.50,6.69,0.00,0.00,0.00,0.00,0000-00-00,-,MAHAVEER MEDISALES PVT LTD,S.K MEDICALS,44.63,0.000,0.00,5284870,
003004,000,25,I,i2500073002396080,22-Oct-2025,22,10,2025,DS7580,,0.00,0.00,,,0,0.00,,0,0.00,,0,0.00,,0,0.00,5366.00,1,29AAKCM2337H1ZA,0,29DPGPA5356K1ZL,174.59,174.59,0.00,0.00,014011,210055,MACBERY SYP,,100ML,18251911A,30-Apr-2027,30,04,2027,2.000,0.000,0.00,0.00,3.00,94.070,5.000,0,1,0.00,0,0,0,123.470,0,0,0,i2500083001913692,22-Oct-2025,14106,MACLEODS MACPHAR[014],1,,,0,,14106,0,0,133,,22,10,2025,188.14,30049031,2.50,4.56,2.50,4.56,0.00,0.00,0.00,0.00,0000-00-00,2400368375,MAHAVEER MEDISALES PVT LTD,S.K MEDICALS,94.07,0.000,0.00,5284870,
003004,000,25,I,i2500073002396080,22-Oct-2025,22,10,2025,DS7580,,0.00,0.00,,,0,0.00,,0,0.00,,0,0.00,,0,0.00,5366.00,1,29AAKCM2337H1ZA,0,29DPGPA5356K1ZL,174.59,174.59,0.00,0.00,I22689,A95361,DERMADEW ALOE PLUS CREAM 80GM,,80GM,B029,01-Apr-2027,01,04,2027,1.000,0.000,0.00,0.00,3.00,170.850,18.000,0,1,0.00,0,0,0,252.000,0,0,0,i2500083001913692,22-Oct-2025,13558,H&amp;H SYNERGY,1,,,0,,13558,0,0,133,,22,10,2025,170.85,33049930,9.00,14.91,9.00,14.91,0.00,0.00,0.00,0.00,0000-00-00,2400340596,MAHAVEER MEDISALES PVT LTD,S.K MEDICALS,170.85,0.000,0.00,5284870,
003004,000,25,I,i2500073002396080,22-Oct-2025,22,10,2025,DS7580,,0.00,0.00,,,0,0.00,,0,0.00,,0,0.00,,0,0.00,5366.00,1,29AAKCM2337H1ZA,0,29DPGPA5356K1ZL,174.59,174.59,0.00,0.00,I00393,613925,METXL 50MG TAB,,20S,GT08575,01-Mar-2028,01,03,2028,2.000,0.000,0.00,0.00,3.00,95.040,5.000,0,1,0.00,0,0,0,124.730,0,0,0,i2500083001913692,22-Oct-2025,10143,AJANTA SOLESTA,20,,,0,,10143,0,0,133,,22,10,2025,190.08,30049079,2.50,4.61,2.50,4.61,0.00,0.00,0.00,0.00,0000-00-00,2400335731,MAHAVEER MEDISALES PVT LTD,S.K MEDICALS,95.04,0.000,0.00,5284870,
003004,000,25,I,i2500073002396080,22-Oct-2025,22,10,2025,DS7580,,0.00,0.00,,,0,0.00,,0,0.00,,0,0.00,,0,0.00,5366.00,1,29AAKCM2337H1ZA,0,29DPGPA5356K1ZL,174.59,174.59,0.00,0.00,270027,226603,DAFFY BAR,,75GM,A0MSY019,01-May-2027,01,05,2027,1.000,0.000,0.00,0.00,3.00,134.920,18.000,0,1,0.00,0,0,0,199.000,0,0,0,i2500083001913692,22-Oct-2025,14203,MANKIND PHARMA[137],1,,,0,,14203,0,0,133,,22,10,2025,134.92,34011190,9.00,11.78,9.00,11.78,0.00,0.00,0.00,0.00,0000-00-00,2400322929,MAHAVEER MEDISALES PVT LTD,S.K MEDICALS,134.92,0.000,0.00,5284870,
003004,000,25,I,i2500073002396080,22-Oct-2025,22,10,2025,DS7580,,0.00,0.00,,,0,0.00,,0,0.00,,0,0.00,,0,0.00,5366.00,1,29AAKCM2337H1ZA,0,29DPGPA5356K1ZL,174.59,174.59,0.00,0.00,162552,420248,SEBAMED BABY CREAM EXTRA SOFT 50ML,,50ML,5A147A24,01-Jun-2028,01,06,2028,1.000,0.000,0.00,0.00,0.00,190.680,18.000,0,1,0.00,0,0,0,270.000,0,0,0,i2500083001913692,22-Oct-2025,16181,USV SEBAMED BABY,1,,,0,,16181,0,0,133,,22,10,2025,190.68,33049990,9.00,17.16,9.00,17.16,0.00,0.00,0.00,0.00,0000-00-00,2400425889,MAHAVEER MEDISALES PVT LTD,S.K MEDICALS,190.68,0.000,0.00,5284870,
003004,000,25,I,i2500073002396080,22-Oct-2025,22,10,2025,DS7580,,0.00,0.00,,,0,0.00,,0,0.00,,0,0.00,,0,0.00,5366.00,1,29AAKCM2337H1ZA,0,29DPGPA5356K1ZL,174.59,174.59,0.00,0.00,162512,196223,SEBAMED BABY SHAMPOO 150ML,,150ML,5A116A41.,01-May-2028,01,05,2028,1.000,0.000,0.00,0.00,0.00,373.810,5.000,0,1,0.00,0,0,0,471.000,0,0,0,i2500083001913692,22-Oct-2025,16181,USV SEBAMED BABY,1,,,0,,16181,0,0,133,,22,10,2025,373.81,33051090,2.50,9.35,2.50,9.35,0.00,0.00,0.00,0.00,0000-00-00,-,MAHAVEER MEDISALES PVT LTD,S.K MEDICALS,373.81,0.000,0.00,5284870,
003004,000,25,I,i2500073002396080,22-Oct-2025,22,10,2025,DS7580,,0.00,0.00,,,0,0.00,,0,0.00,,0,0.00,,0,0.00,5366.00,1,29AAKCM2337H1ZA,0,29DPGPA5356K1ZL,174.59,174.59,0.00,0.00,135558,209105,PROPYGENTA NF CREAM 20GM,,20GM,C383,01-Jun-2027,01,06,2027,1.000,0.000,0.00,0.00,3.00,135.710,5.000,0,1,0.00,0,0,0,178.120,0,0,0,i2500083001913692,22-Oct-2025,13550,H&amp;H DERMATOLOGY,1,,,0,,13550,0,0,133,,22,10,2025,135.71,30042099,2.50,3.29,2.50,3.29,0.00,0.00,0.00,0.00,0000-00-00,2400340717,MAHAVEER MEDISALES PVT LTD,S.K MEDICALS,135.71,0.000,0.00,5284870,
003004,000,25,I,i2500073002396080,22-Oct-2025,22,10,2025,DS7580,,0.00,0.00,,,0,0.00,,0,0.00,,0,0.00,,0,0.00,5366.00,1,29AAKCM2337H1ZA,0,29DPGPA5356K1ZL,174.59,174.59,0.00,0.00,41155,391440,THYRONORM 75MCG,,120S,TMF25151,03-Jul-2027,03,07,2027,1.000,0.000,0.00,0.00,3.00,140.170,5.000,0,1,0.00,0,0,0,183.970,0,0,0,i2500083001913692,22-Oct-2025,10103,ABBOTT MAGNUS[41],1,,,0,,10103,0,0,133,,22,10,2025,140.17,30049082,2.50,3.40,2.50,3.40,0.00,0.00,0.00,0.00,0000-00-00,2400424078,MAHAVEER MEDISALES PVT LTD,S.K MEDICALS,140.17,0.000,0.00,5284870,
003004,000,25,I,i2500073002396080,22-Oct-2025,22,10,2025,DS7580,,0.00,0.00,,,0,0.00,,0,0.00,,0,0.00,,0,0.00,5366.00,1,29AAKCM2337H1ZA,0,29DPGPA5356K1ZL,174.59,174.59,0.00,0.00,135611,265008,HHLITE CREAM 20GM,,20GM,C174,01-Oct-2026,01,10,2026,2.000,0.000,0.00,0.00,3.00,182.140,5.000,0,1,0.00,0,0,0,239.060,0,0,0,i2500083001913692,22-Oct-2025,13556,H&amp;H AESTHETIC,1,,,0,,13556,0,0,133,,22,10,2025,364.28,30043200,2.50,8.83,2.50,8.83,0.00,0.00,0.00,0.00,0000-00-00,2400349378,MAHAVEER MEDISALES PVT LTD,S.K MEDICALS,182.14,0.000,0.00,5284870,
003004,000,25,I,i2500073002396080,22-Oct-2025,22,10,2025,DS7580,,0.00,0.00,,,0,0.00,,0,0.00,,0,0.00,,0,0.00,5366.00,1,29AAKCM2337H1ZA,0,29DPGPA5356K1ZL,174.59,174.59,0.00,0.00,162535,265097,SEBAMED BABY POWDER,,200GM,5M183M16,01-Mar-2028,01,03,2028,1.000,0.000,0.00,0.00,0.00,557.140,5.000,0,1,0.00,0,0,0,702.000,0,0,0,i2500083001913692,22-Oct-2025,16181,USV SEBAMED BABY,1,,,0,,16181,0,0,133,,22,10,2025,557.14,33049120,2.50,13.93,2.50,13.93,0.00,0.00,0.00,0.00,0000-00-00,2400412600,MAHAVEER MEDISALES PVT LTD,S.K MEDICALS,557.14,0.000,0.00,5284870,
003004,000,25,I,i2500073002396081,22-Oct-2025,22,10,2025,DS7580,,0.00,0.00,,,0,0.00,,0,0.00,,0,0.00,,0,0.00,5418.00,1,29AAKCM2337H1ZA,0,29DPGPA5356K1ZL,128.99,128.99,0.00,0.00,152261,254780,GELUSIL MPS LIQ 200ML ,,200ML,2519200E,01-Jun-2027,01,06,2027,1.000,0.000,0.00,0.00,3.00,132.200,5.000,0,1,0.00,0,0,0,173.520,0,0,0,i2500083001913692,22-Oct-2025,15260,PFIZER MEDISALES AGENCIES,1,,,0,,15260,0,0,133,,22,10,2025,132.20,30049032,2.50,3.21,2.50,3.21,0.00,0.00,0.00,0.00,0000-00-00,2400451901,MAHAVEER MEDISALES PVT LTD,S.K MEDICALS,132.20,0.000,0.00,5284870,
003004,000,25,I,i2500073002396081,22-Oct-2025,22,10,2025,DS7580,,0.00,0.00,,,0,0.00,,0,0.00,,0,0.00,,0,0.00,5418.00,1,29AAKCM2337H1ZA,0,29DPGPA5356K1ZL,128.99,128.99,0.00,0.00,63069,264323,B PROTIN C/F 500GM ,,500GM,BPCHE250704,01-Jun-2027,01,06,2027,1.000,0.000,0.00,0.00,3.00,438.070,5.000,0,1,0.00,0,0,0,575.000,0,0,0,i2500083001913692,22-Oct-2025,11601,BRITISH BIOLOGICAL TEAM B,1,,,0,,11601,0,0,133,,22,10,2025,438.07,19019010,2.50,10.62,2.50,10.62,0.00,0.00,0.00,0.00,0000-00-00,2400340240,MAHAVEER MEDISALES PVT LTD,S.K MEDICALS,438.07,0.000,0.00,5284870,
003004,000,25,I,i2500073002396081,22-Oct-2025,22,10,2025,DS7580,,0.00,0.00,,,0,0.00,,0,0.00,,0,0.00,,0,0.00,5418.00,1,29AAKCM2337H1ZA,0,29DPGPA5356K1ZL,128.99,128.99,0.00,0.00,13173,045300,COBADEX CZS CAP,,15S,EJ2519,01-Feb-2027,01,02,2027,2.000,0.000,0.00,0.00,3.00,88.700,5.000,0,1,0.00,0,0,0,116.430,0,0,0,i2500083001913692,22-Oct-2025,13154,GLAXO FORTIOR,15,,,0,,13154,0,0,133,,22,10,2025,177.40,30045090,2.50,4.30,2.50,4.30,0.00,0.00,0.00,0.00,0000-00-00,2400427145,MAHAVEER MEDISALES PVT LTD,S.K MEDICALS,88.70,0.000,0.00,5284870,
003004,000,25,I,i2500073002396081,22-Oct-2025,22,10,2025,DS7580,,0.00,0.00,,,0,0.00,,0,0.00,,0,0.00,,0,0.00,5418.00,1,29AAKCM2337H1ZA,0,29DPGPA5356K1ZL,128.99,128.99,0.00,0.00,I18245,373693,ENSURE VANILLA 200GM REFILL,,200GM,75053MN2.,01-Sep-2026,01,09,2026,2.000,0.000,0.00,0.00,0.00,338.000,5.000,0,1,0.00,0,0,0,390.000,0,0,0,i2500083001913692,22-Oct-2025,10202,ABBOTT NUTRITION,1,,,0,,10202,0,0,133,,22,10,2025,676.00,19019090,2.50,16.90,2.50,16.90,0.00,0.00,0.00,0.00,0000-00-00,-,MAHAVEER MEDISALES PVT LTD,S.K MEDICALS,338.00,0.000,0.00,5284870,
003004,000,25,I,i2500073002396081,22-Oct-2025,22,10,2025,DS7580,,0.00,0.00,,,0,0.00,,0,0.00,,0,0.00,,0,0.00,5418.00,1,29AAKCM2337H1ZA,0,29DPGPA5356K1ZL,128.99,128.99,0.00,0.00,I15821,379505,ZANDU BALM 8ML[GREEN],,8ML,KT0143,01-Aug-2028,01,08,2028,5.000,0.000,0.00,0.00,0.00,36.340,5.000,0,1,0.00,0,0,0,43.000,0,0,0,i2500083001913692,22-Oct-2025,12711,EMAMI,1,,,0,,12711,0,0,133,,22,10,2025,181.70,30049011,2.50,4.54,2.50,4.54,0.00,0.00,0.00,0.00,0000-00-00,2400435724,MAHAVEER MEDISALES PVT LTD,S.K MEDICALS,36.34,0.000,0.00,5284870,
003004,000,25,I,i2500073002396081,22-Oct-2025,22,10,2025,DS7580,,0.00,0.00,,,0,0.00,,0,0.00,,0,0.00,,0,0.00,5418.00,1,29AAKCM2337H1ZA,0,29DPGPA5356K1ZL,128.99,128.99,0.00,0.00,I18146,181135,VICKS VAPORUB 25ML,,25ML,5217C56706,01-Jul-2027,01,07,2027,5.000,0.000,0.00,0.00,0.00,81.060,5.000,0,1,0.00,0,0,0,102.000,0,0,0,i2500083001913692,22-Oct-2025,14451,P &amp; G OTC,1,,,0,,14451,0,0,133,,22,10,2025,405.30,30049011,2.50,10.13,2.50,10.13,0.00,0.00,0.00,0.00,0000-00-00,2400340616,MAHAVEER MEDISALES PVT LTD,S.K MEDICALS,81.06,0.000,0.00,5284870,
003004,000,25,I,i2500073002396081,22-Oct-2025,22,10,2025,DS7580,,0.00,0.00,,,0,0.00,,0,0.00,,0,0.00,,0,0.00,5418.00,1,29AAKCM2337H1ZA,0,29DPGPA5356K1ZL,128.99,128.99,0.00,0.00,53016,193855,D PROTIN CF 200GM ,,200GM,DPCH250501,01-Apr-2027,01,04,2027,1.000,0.000,0.00,0.00,3.00,232.380,5.000,0,1,0.00,0,0,0,305.000,0,0,0,i2500083001913692,22-Oct-2025,11601,BRITISH BIOLOGICAL TEAM B,1,,,0,,11601,0,0,133,,22,10,2025,232.38,21069091,2.50,5.64,2.50,5.64,0.00,0.00,0.00,0.00,0000-00-00,2400340237,MAHAVEER MEDISALES PVT LTD,S.K MEDICALS,232.38,0.000,0.00,5284870,
003004,000,25,I,i2500073002396081,22-Oct-2025,22,10,2025,DS7580,,0.00,0.00,,,0,0.00,,0,0.00,,0,0.00,,0,0.00,5418.00,1,29AAKCM2337H1ZA,0,29DPGPA5356K1ZL,128.99,128.99,0.00,0.00,126240,329876,SENSODYNE FRESH GEL 75GM,,75GM,BGG250689,01-Jul-2027,01,07,2027,2.000,0.000,0.00,0.00,0.00,107.860,5.000,0,1,0.00,0,0,0,124.580,0,0,0,i2500083001913692,22-Oct-2025,13152,GSK SENSODYNE,1,,,0,,13152,0,0,133,,22,10,2025,215.72,33061020,2.50,5.39,2.50,5.39,0.00,0.00,0.00,0.00,0000-00-00,2400431922,MAHAVEER MEDISALES PVT LTD,S.K MEDICALS,107.86,0.000,0.00,5284870,
003004,000,25,I,i2500073002396081,22-Oct-2025,22,10,2025,DS7580,,0.00,0.00,,,0,0.00,,0,0.00,,0,0.00,,0,0.00,5418.00,1,29AAKCM2337H1ZA,0,29DPGPA5356K1ZL,128.99,128.99,0.00,0.00,I03747,543567,SUGAR FREE GOLD 300S,,300S,BWSA1449.,01-Sep-2026,01,09,2026,2.000,0.000,0.00,0.00,0.00,173.840,5.000,0,1,0.00,0,0,0,206.250,0,0,0,i2500083001913692,22-Oct-2025,10782,ZYDUS WELLNESS,1,,,0,,10782,0,0,133,,22,10,2025,347.68,21069091,2.50,8.69,2.50,8.69,0.00,0.00,0.00,0.00,0000-00-00,-,MAHAVEER MEDISALES PVT LTD,S.K MEDICALS,173.84,0.000,0.00,5284870,
003004,000,25,I,i2500073002396081,22-Oct-2025,22,10,2025,DS7580,,0.00,0.00,,,0,0.00,,0,0.00,,0,0.00,,0,0.00,5418.00,1,29AAKCM2337H1ZA,0,29DPGPA5356K1ZL,128.99,128.99,0.00,0.00,I03746,193784,SUGAR FREE GOLD 100S,,100S,BWSB0591,01-May-2027,01,05,2027,4.000,0.000,0.00,0.00,0.00,63.220,5.000,0,1,0.00,0,0,0,75.000,0,0,0,i2500083001913692,22-Oct-2025,10782,ZYDUS WELLNESS,1,,,0,,10782,0,0,133,,22,10,2025,252.88,21069091,2.50,6.32,2.50,6.32,0.00,0.00,0.00,0.00,0000-00-00,2400351044,MAHAVEER MEDISALES PVT LTD,S.K MEDICALS,63.22,0.000,0.00,5284870,
003004,000,25,I,i2500073002396081,22-Oct-2025,22,10,2025,DS7580,,0.00,0.00,,,0,0.00,,0,0.00,,0,0.00,,0,0.00,5418.00,1,29AAKCM2337H1ZA,0,29DPGPA5356K1ZL,128.99,128.99,0.00,0.00,I06482,621853,AMRITH NONI ARTHO PLUS ,,750ML,ANAP25/04/37,01-Jan-2027,01,01,2027,1.000,0.000,0.00,0.00,3.00,1244.640,5.000,0,1,0.00,0,0,0,1593.750,0,0,0,i2500083001913692,22-Oct-2025,10255,AMRITH NONI,1,,,0,,10255,0,0,133,,22,10,2025,1244.64,30049011,2.50,30.18,2.50,30.18,0.00,0.00,0.00,0.00,0000-00-00,-,MAHAVEER MEDISALES PVT LTD,S.K MEDICALS,1244.64,0.000,0.00,5284870,
003004,000,25,I,i2500073002396081,22-Oct-2025,22,10,2025,DS7580,,0.00,0.00,,,0,0.00,,0,0.00,,0,0.00,,0,0.00,5418.00,1,29AAKCM2337H1ZA,0,29DPGPA5356K1ZL,128.99,128.99,0.00,0.00,I01430,331770,GAVISCON LIQUID ,,150ML,A1078,01-Jul-2027,01,07,2027,2.000,0.000,0.00,0.00,0.00,146.410,5.000,0,1,0.00,0,0,0,184.180,0,0,0,i2500083001913692,22-Oct-2025,10781,RECKITT BENCKISER,1,,,0,,10781,0,0,133,,22,10,2025,292.82,30049039,2.50,7.32,2.50,7.32,0.00,0.00,0.00,0.00,0000-00-00,2400426207,MAHAVEER MEDISALES PVT LTD,S.K MEDICALS,146.41,0.000,0.00,5284870,
003004,000,25,I,i2500073002396081,22-Oct-2025,22,10,2025,DS7580,,0.00,0.00,,,0,0.00,,0,0.00,,0,0.00,,0,0.00,5418.00,1,29AAKCM2337H1ZA,0,29DPGPA5356K1ZL,128.99,128.99,0.00,0.00,I19712,A59786,AMRITH NONI DEEP BREATHE LIQ,,200ML,ANDB07/07,01-Sep-2026,01,09,2026,1.000,0.000,0.00,0.00,3.00,183.030,5.000,0,1,0.00,0,0,0,234.380,0,0,0,i2500083001913692,22-Oct-2025,10255,AMRITH NONI,1,,,0,,10255,0,0,133,,22,10,2025,183.03,30049011,2.50,4.44,2.50,4.44,0.00,0.00,0.00,0.00,0000-00-00,-,MAHAVEER MEDISALES PVT LTD,S.K MEDICALS,183.03,0.000,0.00,5284870,
003004,000,25,I,i2500073002396081,22-Oct-2025,22,10,2025,DS7580,,0.00,0.00,,,0,0.00,,0,0.00,,0,0.00,,0,0.00,5418.00,1,29AAKCM2337H1ZA,0,29DPGPA5356K1ZL,128.99,128.99,0.00,0.00,126223,329877,SENSODYNE FRESH MINT 75GM,,75GM,BSM25363,01-Jul-2027,01,07,2027,2.000,0.000,0.00,0.00,0.00,107.860,5.000,0,1,0.00,0,0,0,124.580,0,0,0,i2500083001913692,22-Oct-2025,13152,GSK SENSODYNE,1,,,0,,13152,0,0,133,,22,10,2025,215.72,33061020,2.50,5.39,2.50,5.39,0.00,0.00,0.00,0.00,0000-00-00,2400431819,MAHAVEER MEDISALES PVT LTD,S.K MEDICALS,107.86,0.000,0.00,5284870,
003004,000,25,I,i2500073002396081,22-Oct-2025,22,10,2025,DS7580,,0.00,0.00,,,0,0.00,,0,0.00,,0,0.00,,0,0.00,5418.00,1,29AAKCM2337H1ZA,0,29DPGPA5356K1ZL,128.99,128.99,0.00,0.00,103508,189000,ZINCOVIT SYP 200ML ,,200ML,ZVS25112,01-Jul-2026,01,07,2026,2.000,0.000,0.00,0.00,3.00,122.030,5.000,0,1,0.00,0,0,0,160.170,0,0,0,i2500083001913692,22-Oct-2025,10350,APEX MAIN DIV,1,,,0,,10350,0,0,133,,22,10,2025,244.06,21069099,2.50,5.92,2.50,5.92,0.00,0.00,0.00,0.00,0000-00-00,2400335289,MAHAVEER MEDISALES PVT LTD,S.K MEDICALS,122.03,0.000,0.00,5284870,